,,name,count,p_count
CVM 금액 구분(쿼터),,1) 5000원,100,20.00%
,,2) 7000원,100,20.00%
,,3) 10000원,100,20.00%
,,4) 15000원,100,20.00%
,,5) 20000원,100,20.00%
성별,,1) 남성,198,39.60%
,,2) 여성,302,60.40%
연령대,,1) 만20-29세,25,5.00%
,,2) 만30-39세,141,28.20%
,,3) 만40-49세,235,47.00%
,,4) 만50-59세,99,19.80%
거주지역,,1) 서울,130,26.00%
,,2) 부산,33,6.60%
,,3) 대구,24,4.80%
,,4) 인천,35,7.00%
,,5) 광주,12,2.40%
,,6) 대전,17,3.40%
,,7) 울산,8,1.60%
,,8) 경기도,139,27.80%
,,9) 강원도,12,2.40%
,,10) 충청북도,11,2.20%
,,11) 충청남도,15,3.00%
,,12) 전라북도,5,1.00%
,,13) 전라남도,10,2.00%
,,14) 경상북도,15,3.00%
,,15) 경상남도,26,5.20%
,,16) 제주도,4,0.80%
,,17) 세종,4,0.80%
결혼 여부,,1) 예,418,83.60%
,,2) 아니오,82,16.40%
세대주 여부,,1) 세대주,306,61.20%
,,3) 세대주 배우자,194,38.80%
미취학 아동 또는 초등생 자녀 유/무,,1) 예,315,75.36%
,,2) 아니오,103,24.64%
최근 방문 여부,,1) 미술관,440,88.00%
,,2) 박물관,500,100.00%
,,3) 야구 경기장,363,72.60%
,,4) 축구 경기장,266,53.20%
,,5) 영화관,493,98.60%
박물관 방문 빈도,,1) 일년에 5회 이상 방문,77,15.40%
,,2) 일년에 5회 미만 3회 이상 방문,82,16.40%
,,3) 일년에 3회 미만 1회 이상 방문,172,34.40%
,,4) 일년에 1회 미만 방문,169,33.80%
박물관 방문 이유,,"1) 특정 전시물, 역사적 유물 등의 흥미로운 관람 목적",150,30.00%
,,2) 유물과 전시물을 통해 역사와 문화에 대한 교육적인 목적,139,27.80%
,,"3) 가족, 친구, 연인과의 여가 및 휴식 목적",201,40.20%
,,4) 자료 조사 및 연구 등 학습 목적,8,1.60%
,,5) 기타(구체적으로 응답해 주십시오),2,0.40%
박물관 방문시 불편한 점,,1) 전시 구성의 지루함 및 전시물에 대한 해설 부족,193,38.60%
,,2) 다른 관람객으로 인한 혼잡 및 소음,63,12.60%
,,3) 주차공간 부족 및 불편한 시설,38,7.60%
,,4) 집에서 먼 거리를 이동해야 하는 시간적인 문제,166,33.20%
,,"5) 관람료, 프로그램 참여 비용 등의 금전적인 문제",37,7.40%
,,6) 기타(구체적으로 응답해 주십시오),3,0.60%
최근 방문한 박물관의 만족도,,2) 불만족,12,2.40%
,,3) 보통,231,46.20%
,,4) 만족,241,48.20%
,,5) 매우 만족,16,3.20%
귀하는 메타버스에 대해 들어보신 적이 있으십니까?,,1) 네,451,90.20%
,,2) 아니요,49,9.80%
귀하는 메타버스에 대한 뉴스나 소식을 얼마나 자주 접하십니까?,,1) 일주일에 1-2회,69,13.80%
,,2) 한 달에 1-2회,265,53.00%
,,3) 거의 접한 적이 없음.,166,33.20%
귀하는 메타버스 서비스를 얼마나 자주 이용하십니까?,,1) 거의 매일 이용,8,1.60%
,,2) 일주일에 1-2회 이용,28,5.60%
,,3) 한 달에 1-2회 이용,103,20.60%
,,4) 거의 이용하지 않음,361,72.20%
귀하의 자녀분은 메타버스 서비스를 얼마나 자주 이용하십니까?,,1) 매일 이용,12,3.81%
,,2) 일주일에 3-4회 이용,27,8.57%
,,3) 일주일에 1-2회 이용,30,9.52%
,,4) 한 달에 1-2회 이용,75,23.81%
,,5) 거의 이용하지 않음,171,54.29%
귀하는 메타버스를 통해서 주로 하는 활동은 어떤 것입니까?,,1) 현실에서 경험하기 어려운 다양한 상황을 가상으로 체험할 수 있는 게임 활동,191,38.20%
,,2) 가상 세계에서 아바타를 통해 소통하고 관계를 맺을 수 있는 SNS 활동,67,13.40%
,,3) 전시 및 회사 업무를 가상의 세계에서 수행하는 가상 오피스 관련 활동,34,6.80%
,,4) 지역 축제 체험 및 대학교 입학식 등의 현실 세계의 활동을 가상의 세계를 통해 체험하는 활동,48,9.60%
,,5) 이용해 본 적 없음,160,32.00%
귀하의 자녀분은 메타버스를 통해서 주로 하는 활동은 어떤 것입니까?,,1) 현실에서 경험하기 어려운 다양한 상황을 가상으로 체험할 수 있는 게임 활동,94,29.84%
,,2) 재미있게 배우고 체험하는 메타버스 기반의 학습 및 교육 활동,78,24.76%
,,"3) 메타버스를 통해 친구들과 아바타로 소통하고, 같이 활동하는 친구 관계 활동",34,10.79%
,,"4) 아이돌 콘서트, 팬미팅 등 문화·공연 행사를 관람하는 활동",4,1.27%
,,5) 이용해 본 적 없음,105,33.33%
현재 메타버스가 본격적으로 활성화 되지 못하는 이유는 무엇이라고 생각하십니까?,,1) 낮은 해상도 및 속도로 현실을 표현하는 실재감 부족,107,21.40%
,,2) 이용할 수 있는 콘텐츠의 부족 및 수준 낮은 콘텐츠,254,50.80%
,,3) 상호 교류할 사용자의 부족,98,19.60%
,,4) 수집되고 이용되는 개인정보에 대한 보안 처리 미흡,41,8.20%
메타버스의 부정적인 기능은 어떤 것이라고 생각하십니까?,,1) 장시간 이용에 따른 중독 증상 및 건강 악화 문제,133,26.60%
,,2) 가상 세계에 안주한 현실 도피 문제,155,31.00%
,,3) 디지털 세계의 정보 침해 및 악용 문제,94,18.80%
,,4) 사이버 폭력 및 괴롭힘 심화 문제,49,9.80%
,,5) 디지털 지식 및 환경에 따라 발생하는 불평등 문제,69,13.80%
귀하는 메타버스 서비스에 관련해서 평소 어떤 입장이십니까?,,1) 현재 이미 완성되어 활성화되어 있는 서비스이다.,19,3.80%
,,"2) 계속 발전 중이며, 곧 서비스가 활성화 될 것이다.",348,69.60%
,,3) 산업적 실체가 없는 마케팅용어에 불과하다.,73,14.60%
,,4) 언론과 학계가 만든 허구적 개념이다.,6,1.20%
,,5) 모르겠다.,54,10.80%
귀하는 메타버스 박물관에 대해 들어보신 적이 있으십니까?,,1) 네,172,34.40%
,,2) 아니요,328,65.60%
귀하의 가족은 메타버스 박물관 서비스를 이용해 보신 적이 있으십니까?,,1) 네,65,13.00%
,,2) 아니요,435,87.00%
귀하는 메타버스 박물관 서비스에서 다음의 항목들이 얼마나 중요하다고 생각하십니까?,,,,
"
1. 나를 대변하는 캐릭터의 다양성 및 높은 표현의 자유도를 통한 개성 표출",q29,1) 전혀 중요하지 않다,16,3.20%
,q29,2) 중요하지 않다,54,10.80%
,q29,3) 보통이다,168,33.60%
,q29,4) 중요하다,217,43.40%
,q29,5) 매우 중요하다,45,9.00%
"
2. 다른 사용자들과의 편리한 소통을 지원하는 SNS 기능",q30,1) 전혀 중요하지 않다,9,1.80%
,q30,2) 중요하지 않다,29,5.80%
,q30,3) 보통이다,168,33.60%
,q30,4) 중요하다,240,48.00%
,q30,5) 매우 중요하다,54,10.80%
3. 내 박물관 꾸미기 등의 부가적 재미 요소,q31,1) 전혀 중요하지 않다,14,2.80%
,q31,2) 중요하지 않다,36,7.20%
,q31,3) 보통이다,156,31.20%
,q31,4) 중요하다,226,45.20%
,q31,5) 매우 중요하다,68,13.60%
4. 즐거움을 선사하는 사실적이면서도 화려하고 세련된 박물관 및 전시물에 대한 그래픽 요소 ,q32,1) 전혀 중요하지 않다,4,0.80%
,q32,2) 중요하지 않다,16,3.20%
,q32,3) 보통이다,95,19.00%
,q32,4) 중요하다,234,46.80%
,q32,5) 매우 중요하다,151,30.20%
5. 실제 박물관의 전시물을 관람하는 듯한 실감성을 통한 교육적 효과,q33,1) 전혀 중요하지 않다,4,0.80%
,q33,2) 중요하지 않다,10,2.00%
,q33,3) 보통이다,57,11.40%
,q33,4) 중요하다,180,36.00%
,q33,5) 매우 중요하다,249,49.80%
"6. AI도슨트, 가상 체험 서비스 등을 통한 정확하고 사실적인 정보의 전달",q34,1) 전혀 중요하지 않다,2,0.40%
,q34,2) 중요하지 않다,9,1.80%
,q34,3) 보통이다,80,16.00%
,q34,4) 중요하다,185,37.00%
,q34,5) 매우 중요하다,224,44.80%
"7. 탐험, 레벨업, 퀴즈 등의 게임 요소를 통한 학습, 교육에 대한 몰입도 증가",q35,1) 전혀 중요하지 않다,4,0.80%
,q35,2) 중요하지 않다,16,3.20%
,q35,3) 보통이다,116,23.20%
,q35,4) 중요하다,236,47.20%
,q35,5) 매우 중요하다,128,25.60%
8. 다양한 단말기의 지원을 통해 경제적 비용 최소화,q36,1) 전혀 중요하지 않다,2,0.40%
,q36,2) 중요하지 않다,12,2.40%
,q36,3) 보통이다,107,21.40%
,q36,4) 중요하다,226,45.20%
,q36,5) 매우 중요하다,153,30.60%
귀하는 지속적으로 발전하고 있는 AI 기술을 다음의 메타버스 박물관 기능에 적용하는 것이 ,,,,
1. 사용자 활동 분석을 통해 맞춤형 감정 인식 및 대응,q37,1) 전혀 중요하지 않다,6,1.20%
,q37,2) 중요하지 않다,15,3.00%
,q37,3) 보통이다,139,27.80%
,q37,4) 중요하다,280,56.00%
,q37,5) 매우 중요하다,60,12.00%
2. AI기반 지능형 NPC와의 상호작용을 통한 효율적인 학습,q38,1) 전혀 중요하지 않다,4,0.80%
,q38,2) 중요하지 않다,18,3.60%
,q38,3) 보통이다,133,26.60%
,q38,4) 중요하다,264,52.80%
,q38,5) 매우 중요하다,81,16.20%
3. 외국인 사용자와의 실시간 번역을 통한 커뮤니케이션 제공,q39,1) 전혀 중요하지 않다,4,0.80%
,q39,2) 중요하지 않다,17,3.40%
,q39,3) 보통이다,115,23.00%
,q39,4) 중요하다,232,46.40%
,q39,5) 매우 중요하다,132,26.40%
4. AI기반 사용자 맞춤 교육 과정 생성 및 학습 ,q40,1) 전혀 중요하지 않다,3,0.60%
,q40,2) 중요하지 않다,11,2.20%
,q40,3) 보통이다,96,19.20%
,q40,4) 중요하다,250,50.00%
,q40,5) 매우 중요하다,140,28.00%
5. 사용자의 아바타 생성 및 커스트마이징,q41,1) 전혀 중요하지 않다,8,1.60%
,q41,2) 중요하지 않다,27,5.40%
,q41,3) 보통이다,172,34.40%
,q41,4) 중요하다,217,43.40%
,q41,5) 매우 중요하다,76,15.20%
"6. 건축물, 아이템의 쉬운 생성을 위한 AI 기반 제작 툴",q42,1) 전혀 중요하지 않다,5,1.00%
,q42,2) 중요하지 않다,18,3.60%
,q42,3) 보통이다,131,26.20%
,q42,4) 중요하다,231,46.20%
,q42,5) 매우 중요하다,115,23.00%
7. AI를 통한 모니터링 기능으로 부적절한 사용자 자동 차단,q43,1) 전혀 중요하지 않다,2,0.40%
,q43,2) 중요하지 않다,11,2.20%
,q43,3) 보통이다,97,19.40%
,q43,4) 중요하다,184,36.80%
,q43,5) 매우 중요하다,206,41.20%
"메타버스 박물관 서비스의 장점 중에서 귀하가 생각하시는 중요한 순서대로 3순위까지 순위를 매겨주십시오.
1순위",q44_1,1) 시간과 장소에 대한 제약 없이 언제 어디서나 접속할 수 있는 편의성,240,48.00%
,q44_1,2) 전시물 및 다른 사용자들과 소통을 통해 경험을 극대화하는 상호작용,58,11.60%
,q44_1,3) 과거 역사 체험이나 우주 체험 등 현실 박물관에서는 불가능한 체험 활동,126,25.20%
,q44_1,4) 서로 다른 박물관에 소장된 전시물을 한 번에 통합적으로 관람할 수 있는 기능,32,6.40%
,q44_1,5) 현실 박물관과의 연계를 통한 교육적인 시너지 효과,36,7.20%
,q44_1,6) 게이미피케이션을 접목하여 사용자의 몰입도 및 교육 효과성 증가※게이미피케이션 : 동기 부여를 위해 순위 경쟁 등 게임,8,1.60%
"메타버스 박물관 서비스의 장점 중에서 귀하가 생각하시는 중요한 순서대로 3순위까지 순위를 매겨주십시오.
2순위",q44_2,1) 시간과 장소에 대한 제약 없이 언제 어디서나 접속할 수 있는 편의성,84,16.80%
,q44_2,2) 전시물 및 다른 사용자들과 소통을 통해 경험을 극대화하는 상호작용,59,11.80%
,q44_2,3) 과거 역사 체험이나 우주 체험 등 현실 박물관에서는 불가능한 체험 활동,170,34.00%
,q44_2,4) 서로 다른 박물관에 소장된 전시물을 한 번에 통합적으로 관람할 수 있는 기능,102,20.40%
,q44_2,5) 현실 박물관과의 연계를 통한 교육적인 시너지 효과,64,12.80%
,q44_2,6) 게이미피케이션을 접목하여 사용자의 몰입도 및 교육 효과성 증가※게이미피케이션 : 동기 부여를 위해 순위 경쟁 등 게임,21,4.20%
"메타버스 박물관 서비스의 장점 중에서 귀하가 생각하시는 중요한 순서대로 3순위까지 순위를 매겨주십시오.
3순위",q44_3,1) 시간과 장소에 대한 제약 없이 언제 어디서나 접속할 수 있는 편의성,56,11.20%
,q44_3,2) 전시물 및 다른 사용자들과 소통을 통해 경험을 극대화하는 상호작용,56,11.20%
,q44_3,3) 과거 역사 체험이나 우주 체험 등 현실 박물관에서는 불가능한 체험 활동,89,17.80%
,q44_3,4) 서로 다른 박물관에 소장된 전시물을 한 번에 통합적으로 관람할 수 있는 기능,126,25.20%
,q44_3,5) 현실 박물관과의 연계를 통한 교육적인 시너지 효과,121,24.20%
,q44_3,6) 게이미피케이션을 접목하여 사용자의 몰입도 및 교육 효과성 증가※게이미피케이션 : 동기 부여를 위해 순위 경쟁 등 게임,52,10.40%
"메타버스 박물관 서비스가 성공하기 위해서 극복해야 하는 여러 가지 어려움이 있습니다.
	귀하가 생각하시는 영향도가 높은 순서대로 3순위까지 순위를 매겨 주십시오. 
1순위",q45_1,1) 제작사의 초기 플랫폼 제작에 필요한 높은 투자 비용,128,25.60%
,q45_1,2) 사용하기 위해 고가의 VR 헤드셋 등의 별도의 단말기의 보유 필요,155,31.00%
,q45_1,3) 박물관 구축 및 운영의 전문적인 기술 지식과 메타버스 기술 접목의 어려움,77,15.40%
,q45_1,4) 몰입감 넘치는 전용 콘텐츠 제작의 어려움 및 지속적인 관리,77,15.40%
,q45_1,5) 현실의 박물관이 보유하고 있는 저작권 문제 해결,42,8.40%
,q45_1,6) 사용자 유치 및 수익 창출을 통해 경제적 지속 가능성 확보,21,4.20%
"메타버스 박물관 서비스가 성공하기 위해서 극복해야 하는 여러 가지 어려움이 있습니다.
	귀하가 생각하시는 영향도가 높은 순서대로 3순위까지 순위를 매겨 주십시오. 
2순위",q45_2,1) 제작사의 초기 플랫폼 제작에 필요한 높은 투자 비용,71,14.20%
,q45_2,2) 사용하기 위해 고가의 VR 헤드셋 등의 별도의 단말기의 보유 필요,94,18.80%
,q45_2,3) 박물관 구축 및 운영의 전문적인 기술 지식과 메타버스 기술 접목의 어려움,108,21.60%
,q45_2,4) 몰입감 넘치는 전용 콘텐츠 제작의 어려움 및 지속적인 관리,110,22.00%
,q45_2,5) 현실의 박물관이 보유하고 있는 저작권 문제 해결,63,12.60%
,q45_2,6) 사용자 유치 및 수익 창출을 통해 경제적 지속 가능성 확보,54,10.80%
"메타버스 박물관 서비스가 성공하기 위해서 극복해야 하는 여러 가지 어려움이 있습니다.
	귀하가 생각하시는 영향도가 높은 순서대로 3순위까지 순위를 매겨 주십시오. 
3순위",q45_3,1) 제작사의 초기 플랫폼 제작에 필요한 높은 투자 비용,74,14.80%
,q45_3,2) 사용하기 위해 고가의 VR 헤드셋 등의 별도의 단말기의 보유 필요,63,12.60%
,q45_3,3) 박물관 구축 및 운영의 전문적인 기술 지식과 메타버스 기술 접목의 어려움,78,15.60%
,q45_3,4) 몰입감 넘치는 전용 콘텐츠 제작의 어려움 및 지속적인 관리,121,24.20%
,q45_3,5) 현실의 박물관이 보유하고 있는 저작권 문제 해결,87,17.40%
,q45_3,6) 사용자 유치 및 수익 창출을 통해 경제적 지속 가능성 확보,77,15.40%
다음은 “메타버스 박물관 이용 시” 귀하께서 느낄 수 있는 여러 기능상 애로사항에 대한 질문입니다. 동의하는 정도에 표시해 주시기 바랍니다.,,,,
1. 메타버스 박물관은 기존의 박물관 관람 방식에 비해 더 나은 가치를 제공하지 않는다.,q46,1) 전혀 그렇지 않다,17,3.40%
,q46,2) 그렇지 않다,114,22.80%
,q46,3) 보통이다,230,46.00%
,q46,4) 그렇다,120,24.00%
,q46,5) 매우 그렇다,19,3.80%
2. 메타버스 박물관 이용에 드는 비용이 얻을 수 있는 혜택에 비해 크다.,q47,1) 전혀 그렇지 않다,5,1.00%
,q47,2) 그렇지 않다,69,13.80%
,q47,3) 보통이다,238,47.60%
,q47,4) 그렇다,156,31.20%
,q47,5) 매우 그렇다,32,6.40%
3. 메타버스 박물관은 실제 박물관 경험을 대체할 만한 가치가 없다.,q48,1) 전혀 그렇지 않다,26,5.20%
,q48,2) 그렇지 않다,173,34.60%
,q48,3) 보통이다,190,38.00%
,q48,4) 그렇다,91,18.20%
,q48,5) 매우 그렇다,20,4.00%
4. 메타버스 박물관에서 제공하는 콘텐츠의 질이 실제 박물관에 비해 떨어진다.,q49,1) 전혀 그렇지 않다,10,2.00%
,q49,2) 그렇지 않다,80,16.00%
,q49,3) 보통이다,190,38.00%
,q49,4) 그렇다,171,34.20%
,q49,5) 매우 그렇다,49,9.80%
5.  메타버스 박물관 이용 방법을 배우는 것이 어렵다.,q50,1) 전혀 그렇지 않다,20,4.00%
,q50,2) 그렇지 않다,119,23.80%
,q50,3) 보통이다,206,41.20%
,q50,4) 그렇다,126,25.20%
,q50,5) 매우 그렇다,29,5.80%
6. 메타버스 박물관을 이용하기 위해 필요한 기기나 소프트웨어가 복잡하다.,q51,1) 전혀 그렇지 않다,12,2.40%
,q51,2) 그렇지 않다,67,13.40%
,q51,3) 보통이다,203,40.60%
,q51,4) 그렇다,183,36.60%
,q51,5) 매우 그렇다,35,7.00%
7. 메타버스 박물관 내에서 원하는 정보를 찾거나 이동하는 것이 불편하다.,q52,1) 전혀 그렇지 않다,19,3.80%
,q52,2) 그렇지 않다,107,21.40%
,q52,3) 보통이다,226,45.20%
,q52,4) 그렇다,121,24.20%
,q52,5) 매우 그렇다,27,5.40%
8. 메타버스 박물관에서 다른 관람객들과 상호작용하는 것이 어색하고 불편하다.,q53,1) 전혀 그렇지 않다,6,1.20%
,q53,2) 그렇지 않다,91,18.20%
,q53,3) 보통이다,193,38.60%
,q53,4) 그렇다,181,36.20%
,q53,5) 매우 그렇다,29,5.80%
9. 메타버스 박물관 이용 시 개인정보 유출이 우려된다.,q54,1) 전혀 그렇지 않다,9,1.80%
,q54,2) 그렇지 않다,41,8.20%
,q54,3) 보통이다,133,26.60%
,q54,4) 그렇다,226,45.20%
,q54,5) 매우 그렇다,91,18.20%
10. 메타버스 박물관에서의 활동이 현실 세계의 나에게 부정적인 영향을 미칠 수 있다.,q55,1) 전혀 그렇지 않다,31,6.20%
,q55,2) 그렇지 않다,123,24.60%
,q55,3) 보통이다,203,40.60%
,q55,4) 그렇다,114,22.80%
,q55,5) 매우 그렇다,29,5.80%
11. 메타버스 박물관 이용이 눈이나 두통 등 신체적 불편을 초래할 수 있다.,q56,1) 전혀 그렇지 않다,15,3.00%
,q56,2) 그렇지 않다,67,13.40%
,q56,3) 보통이다,155,31.00%
,q56,4) 그렇다,212,42.40%
,q56,5) 매우 그렇다,51,10.20%
12. 메타버스 박물관에서 사이버 폭력이나 악성 댓글 등의 위험에 노출될 수 있다.,q57,1) 전혀 그렇지 않다,9,1.80%
,q57,2) 그렇지 않다,38,7.60%
,q57,3) 보통이다,149,29.80%
,q57,4) 그렇다,227,45.40%
,q57,5) 매우 그렇다,77,15.40%
다음은 “메타버스 박물과 이용 시” 귀하께서 느낄 수 있는 정서적 불편함과 심리적 거리감 조사하기 위한 질문입니다. 동의하는 정도에 표시해 주시기 바랍니다.,,,,
1. 메타버스 박물관은 기존의 박물관 관람 방식과 너무 다르다.,q58,1) 전혀 그렇지 않다,3,0.60%
,q58,2) 그렇지 않다,58,11.60%
,q58,3) 보통이다,173,34.60%
,q58,4) 그렇다,238,47.60%
,q58,5) 매우 그렇다,28,5.60%
2. 메타버스 박물관은 내가 익숙한 문화 향유 방식과 맞지 않는다.,q59,1) 전혀 그렇지 않다,8,1.60%
,q59,2) 그렇지 않다,117,23.40%
,q59,3) 보통이다,174,34.80%
,q59,4) 그렇다,171,34.20%
,q59,5) 매우 그렇다,30,6.00%
3. 메타버스 박물관 이용은 나의 일상적인 박물관 관람 습관을 크게 바꾸어야 한다.,q60,1) 전혀 그렇지 않다,10,2.00%
,q60,2) 그렇지 않다,105,21.00%
,q60,3) 보통이다,175,35.00%
,q60,4) 그렇다,183,36.60%
,q60,5) 매우 그렇다,27,5.40%
4. 메타버스 박물관에서 제공하는 콘텐츠의 질이 실제 박물관에 비해 떨어진다.,q61,1) 전혀 그렇지 않다,11,2.20%
,q61,2) 그렇지 않다,78,15.60%
,q61,3) 보통이다,184,36.80%
,q61,4) 그렇다,178,35.60%
,q61,5) 매우 그렇다,49,9.80%
5.  메타버스 박물관 이용은 비현실적이고 몰입감이 떨어진다는 인식이 있다.,q62,1) 전혀 그렇지 않다,10,2.00%
,q62,2) 그렇지 않다,78,15.60%
,q62,3) 보통이다,160,32.00%
,q62,4) 그렇다,185,37.00%
,q62,5) 매우 그렇다,67,13.40%
6. 메타버스 박물관은 실제 예술 작품의 가치를 제대로 전달하지 못한다는 이미지가 있다.,q63,1) 전혀 그렇지 않다,5,1.00%
,q63,2) 그렇지 않다,70,14.00%
,q63,3) 보통이다,137,27.40%
,q63,4) 그렇다,209,41.80%
,q63,5) 매우 그렇다,79,15.80%
7. 메타버스 박물관은 기술에 의존적이고 인간미가 부족하다는 인상을 준다.,q64,1) 전혀 그렇지 않다,7,1.40%
,q64,2) 그렇지 않다,64,12.80%
,q64,3) 보통이다,152,30.40%
,q64,4) 그렇다,218,43.60%
,q64,5) 매우 그렇다,59,11.80%
8. 메타버스 박물관은 진지한 학습보다는 단순한 오락거리로 여겨진다.,q65,1) 전혀 그렇지 않다,12,2.40%
,q65,2) 그렇지 않다,75,15.00%
,q65,3) 보통이다,157,31.40%
,q65,4) 그렇다,202,40.40%
,q65,5) 매우 그렇다,54,10.80%
귀하의 메타버스 박물관의 수용에 대한 인식 조사입니다. 각 문항에 대해 귀하가 생각하시는 곳에 체크 해 주시기 바랍니다.,,,,
1. 나는 메타버스 박물관을 이용할 의향이 있다.,q66,1) 전혀 그렇지 않다,8,1.60%
,q66,2) 그렇지 않다,37,7.40%
,q66,3) 보통이다,168,33.60%
,q66,4) 그렇다,247,49.40%
,q66,5) 매우 그렇다,40,8.00%
2. 나는 주변에 메타버스 박물관에 대해서 추천할 것이다.,q67,1) 전혀 그렇지 않다,20,4.00%
,q67,2) 그렇지 않다,51,10.20%
,q67,3) 보통이다,248,49.60%
,q67,4) 그렇다,154,30.80%
,q67,5) 매우 그렇다,27,5.40%
3. 나는 메타버스 박물관이 제공하는 새로운 기능들을 적극적으로 사용할 것이다.,q68,1) 전혀 그렇지 않다,11,2.20%
,q68,2) 그렇지 않다,39,7.80%
,q68,3) 보통이다,190,38.00%
,q68,4) 그렇다,212,42.40%
,q68,5) 매우 그렇다,48,9.60%
4. 나는 메타버스 박물관이 제공하는 가상 전시회나 이벤트에 참여할 의향이 있다.,q69,1) 전혀 그렇지 않다,11,2.20%
,q69,2) 그렇지 않다,42,8.40%
,q69,3) 보통이다,166,33.20%
,q69,4) 그렇다,219,43.80%
,q69,5) 매우 그렇다,62,12.40%
귀하의 메타버스 박물관의 이용 유보에 대한 의사를 여쭙는 질문입니다.  각 문항에 대해 귀하가 생각하시는 곳에 체크 해 주시기 바랍니다.,,,,
1. 나는 메타버스 박물관 이용을 당장 결정하기보다는 좀 더 지켜볼 생각이다.,q70,1) 전혀 그렇지 않다,2,0.40%
,q70,2) 그렇지 않다,56,11.20%
,q70,3) 보통이다,136,27.20%
,q70,4) 그렇다,264,52.80%
,q70,5) 매우 그렇다,42,8.40%
2. 나는 메타버스 박물관 기술이 더 발전할 때까지 기다릴 것이다.,q71,1) 전혀 그렇지 않다,3,0.60%
,q71,2) 그렇지 않다,53,10.60%
,q71,3) 보통이다,143,28.60%
,q71,4) 그렇다,240,48.00%
,q71,5) 매우 그렇다,61,12.20%
3. 나는 다른 사람들의 메타버스 박물관 이용 경험을 들어본 후에 결정하고 싶다.,q72,1) 전혀 그렇지 않다,7,1.40%
,q72,2) 그렇지 않다,56,11.20%
,q72,3) 보통이다,124,24.80%
,q72,4) 그렇다,248,49.60%
,q72,5) 매우 그렇다,65,13.00%
4. 나는 메타버스 박물관의 장단점을 더 자세히 알아본 후에 이용 여부를 결정하겠다.,q73,1) 전혀 그렇지 않다,5,1.00%
,q73,2) 그렇지 않다,40,8.00%
,q73,3) 보통이다,125,25.00%
,q73,4) 그렇다,261,52.20%
,q73,5) 매우 그렇다,69,13.80%
5. 나는 메타버스 박물관 이용을 원하지 않는다.,q74,1) 전혀 그렇지 않다,71,14.20%
,q74,2) 그렇지 않다,194,38.80%
,q74,3) 보통이다,153,30.60%
,q74,4) 그렇다,66,13.20%
,q74,5) 매우 그렇다,16,3.20%
6. 나는 메타버스 박물관보다 전통적인 박물관 관람 방식을 고수하겠다.,q75,1) 전혀 그렇지 않다,31,6.20%
,q75,2) 그렇지 않다,109,21.80%
,q75,3) 보통이다,218,43.60%
,q75,4) 그렇다,104,20.80%
,q75,5) 매우 그렇다,38,7.60%
7. 나는 메타버스 박물관이 제공하는 서비스나 기능을 사용할 생각이 없다.,q76,1) 전혀 그렇지 않다,62,12.40%
,q76,2) 그렇지 않다,211,42.20%
,q76,3) 보통이다,148,29.60%
,q76,4) 그렇다,66,13.20%
,q76,5) 매우 그렇다,13,2.60%
8. 나는 메타버스 박물관 관련 정보나 광고를 접하더라도 무시할 것이다.,q77,1) 전혀 그렇지 않다,56,11.20%
,q77,2) 그렇지 않다,200,40.00%
,q77,3) 보통이다,179,35.80%
,q77,4) 그렇다,49,9.80%
,q77,5) 매우 그렇다,16,3.20%
9. 나는 주변 사람들에게 메타버스 박물관 이용을 권하지 않을 것이다.,q78,1) 전혀 그렇지 않다,56,11.20%
,q78,2) 그렇지 않다,179,35.80%
,q78,3) 보통이다,189,37.80%
,q78,4) 그렇다,64,12.80%
,q78,5) 매우 그렇다,12,2.40%
10. 나는 메타버스 박물관의 단점이나 위험성에 대해 다른 사람들에게 이야기할 것이다.,q79,1) 전혀 그렇지 않다,39,7.80%
,q79,2) 그렇지 않다,147,29.40%
,q79,3) 보통이다,212,42.40%
,q79,4) 그렇다,90,18.00%
,q79,5) 매우 그렇다,12,2.40%
11. 나는 박물관이 메타버스 기술을 도입하는 것에 대해 반대 의견을 표명할 것이다.,q80,1) 전혀 그렇지 않다,79,15.80%
,q80,2) 그렇지 않다,214,42.80%
,q80,3) 보통이다,153,30.60%
,q80,4) 그렇다,45,9.00%
,q80,5) 매우 그렇다,9,1.80%
12. 나는 전통적인 박물관 경험의 가치를 강조하며 메타버스 박물관 도입을 저지하고 싶다.,q81,1) 전혀 그렇지 않다,75,15.00%
,q81,2) 그렇지 않다,201,40.20%
,q81,3) 보통이다,162,32.40%
,q81,4) 그렇다,54,10.80%
,q81,5) 매우 그렇다,8,1.60%
CVM 질문,q82,1) 지불의향 있음,126,25.20%
,q82,2) 지불의향 없음,374,74.80%
,q83,1) 지불의향 있음,45,35.71%
,q83,2) 지불의향 없음,81,64.29%
,q84,1) 지불의향 있음,71,18.98%
,q84,2) 지불의향 없음,303,81.02%
,q85,1) 지불의향 있음,73,24.09%
,q85,2) 지불의향 전혀 없음,230,75.91%
지불하지 않는 이유,q86_1,1) 박물관을 직접 방문하여 실제로 체감하는 것이 더 효율적이다.,130,100.00%
,q86_2,2) 실제 학습에 거의 도움이 되지 않을 것으로 생각된다.,50,100.00%
,q86_3,3) 현재 인터넷 검색 등으로 필요한 정보를 충분히 찾을 수 있다.,90,100.00%
,q86_4,4) 실재감 있는 서비스 제공이 현재의 기술로는 부족하다고 생각한다.,74,100.00%
,q86_5,5) 추가적인 세금 납부가 부담된다.,112,100.00%
,q86_6,6) 기타(구체적으로 응답해 주십시오),6,100.00%
기타 의견,q86_6_A,세금으로 만들거면서 세금 걷는다는게 뭔 소리요,1,16.67%
,q86_6_A,신뢰할 수 있는 정부로 바뀌면 고려할 것이다.,1,16.67%
,q86_6_A,아이들과 함께 시간보내기가 어렵다,1,16.67%
,q86_6_A,요금이 비싸다,1,16.67%
,q86_6_A,원할때만 이용하고 싶다,1,16.67%
,q86_6_A,흡연등  과태료를 대폭 올려 충당,1,16.67%
1,q87,1) 유형A,43,8.60%
,q87,2) 유형B,220,44.00%
,q87,3) 유형C,116,23.20%
,q87,4) 유형D,121,24.20%
2,q88,1) 유형A,92,18.40%
,q88,2) 유형B,280,56.00%
,q88,3) 유형C,59,11.80%
,q88,4) 유형D,69,13.80%
3,q89,1) 유형A,60,12.00%
,q89,2) 유형B,160,32.00%
,q89,3) 유형C,175,35.00%
,q89,4) 유형D,105,21.00%
4,q90,1) 유형A,105,21.00%
,q90,2) 유형B,248,49.60%
,q90,3) 유형C,68,13.60%
,q90,4) 유형D,79,15.80%
5,q91,1) 유형A,32,6.40%
,q91,2) 유형B,91,18.20%
,q91,3) 유형C,239,47.80%
,q91,4) 유형D,138,27.60%
6,q92,1) 유형A,183,36.60%
,q92,2) 유형B,173,34.60%
,q92,3) 유형C,54,10.80%
,q92,4) 유형D,90,18.00%
7,q93,1) 유형A,59,11.80%
,q93,2) 유형B,233,46.60%
,q93,3) 유형C,60,12.00%
,q93,4) 유형D,148,29.60%
8,q94,1) 유형A,168,33.60%
,q94,2) 유형B,155,31.00%
,q94,3) 유형C,90,18.00%
,q94,4) 유형D,87,17.40%
9,q95,1) 유형A,251,50.20%
,q95,2) 유형B,78,15.60%
,q95,3) 유형C,137,27.40%
,q95,4) 유형D,34,6.80%
10,q96,1) 유형A,70,14.00%
,q96,2) 유형B,175,35.00%
,q96,3) 유형C,106,21.20%
,q96,4) 유형D,149,29.80%
같이 살고 있는 가족 수 (응답자 본인 포함),q97_1,1,61,12.20%
,q97_1,2,36,7.20%
,q97_1,3,166,33.20%
,q97_1,4,211,42.20%
,q97_1,5,22,4.40%
,q97_1,6,4,0.80%
 미취학 아동 가족 수,q98_1,0,276,63.01%
,q98_1,1,119,27.17%
,q98_1,2,42,9.59%
,q98_1,3,1,0.23%
초등생 가족 수,q98_2,0,237,53.99%
,q98_2,1,160,36.45%
,q98_2,2,39,8.88%
,q98_2,3,3,0.68%
중고생 가족 수,q98_3,0,347,79.04%
,q98_3,1,75,17.08%
,q98_3,2,17,3.87%
그 외 가족 수,q98_4,0,1,0.23%
,q98_4,1,8,1.83%
,q98_4,2,348,79.45%
,q98_4,3,47,10.73%
,q98_4,4,29,6.62%
,q98_4,5,5,1.14%
본인 외 가족 수 합,q98_t1,2,36,8.20%
,q98_t1,3,166,37.81%
,q98_t1,4,211,48.06%
,q98_t1,5,22,5.01%
,q98_t1,6,4,0.91%
학력,q99_1,0,5,1.00%
,q99_1,1,3,0.60%
,q99_1,3,1,0.20%
,q99_1,4,4,0.80%
,q99_1,10,1,0.20%
,q99_1,12,31,6.20%
,q99_1,13,3,0.60%
,q99_1,14,103,20.60%
,q99_1,15,3,0.60%
,q99_1,16,280,56.00%
,q99_1,17,3,0.60%
,q99_1,18,50,10.00%
,q99_1,19,2,0.40%
,q99_1,20,5,1.00%
,q99_1,21,1,0.20%
,q99_1,22,5,1.00%
"실례지만, 귀하의 직업은 어디에 해당 되십니까?",q100,1) 자영업,26,5.20%
,q100,2) 판매/서비스직,35,7.00%
,q100,3) 사무/기술직,226,45.20%
,q100,4) 전문직,44,8.80%
,q100,5) 경영/관리직,26,5.20%
,q100,6) 전업주부,115,23.00%
,q100,7) 학생,3,0.60%
,q100,8) 무직,10,2.00%
,q100,9) 기타,15,3.00%
기타 의견,q100_9,공무,1,6.67%
,q100_9,교사,1,6.67%
,q100_9,사서,1,6.67%
,q100_9,생산,1,6.67%
,q100_9,생산직,2,13.33%
,q100_9,아르바이트,1,6.67%
,q100_9,영업,1,6.67%
,q100_9,작품강사,1,6.67%
,q100_9,파트타임,1,6.67%
,q100_9,프리랜서,5,33.33%
월평균 가구 소득,q101,1) 99만원 이하,3,0.60%
,q101,"10) 1,000만원 이상",40,8.00%
,q101,2) 100만원-149만원 이하,2,0.40%
,q101,3) 150만원-199만원 이하,9,1.80%
,q101,4) 200만원-249만원 이하,32,6.40%
,q101,5) 250만원-299만원 이하,39,7.80%
,q101,6) 300만원-399만원 이하,67,13.40%
,q101,7) 400만원-499만원 이하,79,15.80%
,q101,8) 500만원-699만원 이하,139,27.80%
,q101,9) 700만원-999만원 이하,90,18.00%
,q102,1) 소득 없음,46,9.20%
월평균 개인 소득,q102,10) 700만원-999만원 이하,51,10.20%
,q102,"11) 1,000만원 이상",23,4.60%
,q102,2) 99만원 이하,29,5.80%
,q102,3) 100만원-149만원 이하,18,3.60%
,q102,4) 150만원-199만원 이하,22,4.40%
,q102,5) 200만원-249만원 이하,44,8.80%
,q102,6) 250만원-299만원 이하,55,11.00%
,q102,7) 300만원-399만원 이하,67,13.40%
,q102,8) 400만원-499만원 이하,73,14.60%
,q102,9) 500만원-699만원 이하,72,14.40%
