,category,name,count,p_count
0,q1,1) 5000원,100,20.0%
1,q1,2) 7000원,100,20.0%
2,q1,3) 10000원,100,20.0%
3,q1,4) 15000원,100,20.0%
4,q1,5) 20000원,100,20.0%
0,q4,1) 남성,198,39.6%
1,q4,2) 여성,302,60.4%
0,q5_1,22,1,0.2%
1,q5_1,24,3,0.6%
2,q5_1,25,3,0.6%
3,q5_1,26,3,0.6%
4,q5_1,27,2,0.4%
5,q5_1,28,5,1.0%
6,q5_1,29,8,1.6%
7,q5_1,30,6,1.2%
8,q5_1,31,11,2.1999999999999997%
9,q5_1,32,10,2.0%
10,q5_1,33,10,2.0%
11,q5_1,34,12,2.4%
12,q5_1,35,18,3.5999999999999996%
13,q5_1,36,20,4.0%
14,q5_1,37,17,3.4000000000000004%
15,q5_1,38,23,4.6%
16,q5_1,39,14,2.8000000000000003%
17,q5_1,40,22,4.3999999999999995%
18,q5_1,41,26,5.2%
19,q5_1,42,30,6.0%
20,q5_1,43,36,7.199999999999999%
21,q5_1,44,26,5.2%
22,q5_1,45,26,5.2%
23,q5_1,46,29,5.800000000000001%
24,q5_1,47,19,3.8%
25,q5_1,48,7,1.4000000000000001%
26,q5_1,49,14,2.8000000000000003%
27,q5_1,50,18,3.5999999999999996%
28,q5_1,51,7,1.4000000000000001%
29,q5_1,52,12,2.4%
30,q5_1,53,10,2.0%
31,q5_1,54,16,3.2%
32,q5_1,55,14,2.8000000000000003%
33,q5_1,56,5,1.0%
34,q5_1,57,5,1.0%
35,q5_1,58,4,0.8%
36,q5_1,59,8,1.6%
0,q6,1) 만20-29세,25,5.0%
1,q6,2) 만30-39세,141,28.199999999999996%
2,q6,3) 만40-49세,235,47.0%
3,q6,4) 만50-59세,99,19.8%
0,q7,1) 서울,130,26.0%
1,q7,10) 충청북도,11,2.1999999999999997%
2,q7,11) 충청남도,15,3.0%
3,q7,12) 전라북도,5,1.0%
4,q7,13) 전라남도,10,2.0%
5,q7,14) 경상북도,15,3.0%
6,q7,15) 경상남도,26,5.2%
7,q7,16) 제주도,4,0.8%
8,q7,17) 세종,4,0.8%
9,q7,2) 부산,33,6.6000000000000005%
10,q7,3) 대구,24,4.8%
11,q7,4) 인천,35,7.000000000000001%
12,q7,5) 광주,12,2.4%
13,q7,6) 대전,17,3.4000000000000004%
14,q7,7) 울산,8,1.6%
15,q7,8) 경기도,139,27.800000000000004%
16,q7,9) 강원도,12,2.4%
0,q8,1) 예,418,83.6%
1,q8,2) 아니오,82,16.400000000000002%
0,q9,1) 세대주,306,61.199999999999996%
1,q9,3) 세대주 배우자,194,38.800000000000004%
0,q10,1) 예,315,75.35885167464114%
1,q10,2) 아니오,103,24.641148325358852%
0,q11_1,1.0,19,6.031746031746032%
1,q11_1,2.0,12,3.8095238095238098%
2,q11_1,3.0,19,6.031746031746032%
3,q11_1,4.0,11,3.492063492063492%
4,q11_1,5.0,25,7.936507936507936%
5,q11_1,6.0,25,7.936507936507936%
6,q11_1,7.0,20,6.349206349206349%
7,q11_1,8.0,31,9.841269841269842%
8,q11_1,9.0,19,6.031746031746032%
9,q11_1,10.0,24,7.6190476190476195%
10,q11_1,11.0,34,10.793650793650794%
11,q11_1,12.0,27,8.571428571428571%
12,q11_1,13.0,16,5.079365079365079%
13,q11_1,14.0,8,2.5396825396825395%
14,q11_1,15.0,8,2.5396825396825395%
15,q11_1,16.0,9,2.857142857142857%
16,q11_1,17.0,3,0.9523809523809524%
17,q11_1,18.0,2,0.6349206349206349%
18,q11_1,24.0,1,0.31746031746031744%
19,q11_1,27.0,1,0.31746031746031744%
20,q11_1,28.0,1,0.31746031746031744%
0,q12,1) 예,500,100.0%
0,q13_1,1) 미술관,440,100.0%
0,q13_2,2) 박물관,500,100.0%
0,q13_3,3) 야구 경기장,363,100.0%
0,q13_4,4) 축구 경기장,266,100.0%
0,q13_5,5) 영화관,493,100.0%
0,q14,1) 일년에 5회 이상 방문,77,15.4%
1,q14,2) 일년에 5회 미만 3회 이상 방문,82,16.400000000000002%
2,q14,3) 일년에 3회 미만 1회 이상 방문,172,34.4%
3,q14,4) 일년에 1회 미만 방문,169,33.800000000000004%
0,q15,"1) 특정 전시물, 역사적 유물 등의 흥미로운 관람 목적",150,30.0%
1,q15,2) 유물과 전시물을 통해 역사와 문화에 대한 교육적인 목적,139,27.800000000000004%
2,q15,"3) 가족, 친구, 연인과의 여가 및 휴식 목적",201,40.2%
3,q15,4) 자료 조사 및 연구 등 학습 목적,8,1.6%
4,q15,5) 기타(구체적으로 응답해 주십시오),2,0.4%
0,q15_5,자녀교육,1,50.0%
1,q15_5,혼자 여가,1,50.0%
0,q16,1) 전시 구성의 지루함 및 전시물에 대한 해설 부족,193,38.6%
1,q16,2) 다른 관람객으로 인한 혼잡 및 소음,63,12.6%
2,q16,3) 주차공간 부족 및 불편한 시설,38,7.6%
3,q16,4) 집에서 먼 거리를 이동해야 하는 시간적인 문제,166,33.2%
4,q16,"5) 관람료, 프로그램 참여 비용 등의 금전적인 문제",37,7.3999999999999995%
5,q16,6) 기타(구체적으로 응답해 주십시오),3,0.6%
0,q16_6,대체적으로 너무 어두움 그리고 청동거울 복원해논게 없음,1,33.33333333333333%
1,q16_6,비슷비슷한 진시물,1,33.33333333333333%
2,q16_6,없음,1,33.33333333333333%
0,q17,2) 불만족,12,2.4%
1,q17,3) 보통,231,46.2%
2,q17,4) 만족,241,48.199999999999996%
3,q17,5) 매우 만족,16,3.2%
0,q18,1) 네,451,90.2%
1,q18,2) 아니요,49,9.8%
0,q19,1) 일주일에 1-2회,69,13.8%
1,q19,2) 한 달에 1-2회,265,53.0%
2,q19,3) 거의 접한 적이 없음.,166,33.2%
0,q20,1) 거의 매일 이용,8,1.6%
1,q20,2) 일주일에 1-2회 이용,28,5.6000000000000005%
2,q20,3) 한 달에 1-2회 이용,103,20.599999999999998%
3,q20,4) 거의 이용하지 않음,361,72.2%
0,q21,1) 매일 이용,12,3.8095238095238098%
1,q21,2) 일주일에 3-4회 이용,27,8.571428571428571%
2,q21,3) 일주일에 1-2회 이용,30,9.523809523809524%
3,q21,4) 한 달에 1-2회 이용,75,23.809523809523807%
4,q21,5) 거의 이용하지 않음,171,54.285714285714285%
0,q22,1) 현실에서 경험하기 어려운 다양한 상황을 가상으로 체험할 수 있는 게임 활동,191,38.2%
1,q22,2) 가상 세계에서 아바타를 통해 소통하고 관계를 맺을 수 있는 SNS 활동,67,13.4%
2,q22,3) 전시 및 회사 업무를 가상의 세계에서 수행하는 가상 오피스 관련 활동,34,6.800000000000001%
3,q22,4) 지역 축제 체험 및 대학교 입학식 등의 현실 세계의 활동을 가상의 세계를 통해 체험하는 활동,48,9.6%
4,q22,5) 이용해 본 적 없음,160,32.0%
0,q23,1) 현실에서 경험하기 어려운 다양한 상황을 가상으로 체험할 수 있는 게임 활동,94,29.841269841269842%
1,q23,2) 재미있게 배우고 체험하는 메타버스 기반의 학습 및 교육 활동,78,24.761904761904763%
2,q23,"3) 메타버스를 통해 친구들과 아바타로 소통하고, 같이 활동하는 친구 관계 활동",34,10.793650793650794%
3,q23,"4) 아이돌 콘서트, 팬미팅 등 문화·공연 행사를 관람하는 활동",4,1.2698412698412698%
4,q23,5) 이용해 본 적 없음,105,33.33333333333333%
0,q24,1) 낮은 해상도 및 속도로 현실을 표현하는 실재감 부족,107,21.4%
1,q24,2) 이용할 수 있는 콘텐츠의 부족 및 수준 낮은 콘텐츠,254,50.8%
2,q24,3) 상호 교류할 사용자의 부족,98,19.6%
3,q24,4) 수집되고 이용되는 개인정보에 대한 보안 처리 미흡,41,8.200000000000001%
0,q25,1) 장시간 이용에 따른 중독 증상 및 건강 악화 문제,133,26.6%
1,q25,2) 가상 세계에 안주한 현실 도피 문제,155,31.0%
2,q25,3) 디지털 세계의 정보 침해 및 악용 문제,94,18.8%
3,q25,4) 사이버 폭력 및 괴롭힘 심화 문제,49,9.8%
4,q25,5) 디지털 지식 및 환경에 따라 발생하는 불평등 문제,69,13.8%
0,q26,1) 현재 이미 완성되어 활성화되어 있는 서비스이다.,19,3.8%
1,q26,"2) 계속 발전 중이며, 곧 서비스가 활성화 될 것이다.",348,69.6%
2,q26,3) 산업적 실체가 없는 마케팅용어에 불과하다.,73,14.6%
3,q26,4) 언론과 학계가 만든 허구적 개념이다.,6,1.2%
4,q26,5) 모르겠다.,54,10.8%
0,q27,1) 네,172,34.4%
1,q27,2) 아니요,328,65.60000000000001%
0,q28,1) 네,65,13.0%
1,q28,2) 아니요,435,87.0%
0,q29,1) 전혀 중요하지 않다,16,3.2%
1,q29,2) 중요하지 않다,54,10.8%
2,q29,3) 보통이다,168,33.6%
3,q29,4) 중요하다,217,43.4%
4,q29,5) 매우 중요하다,45,9.0%
0,q30,1) 전혀 중요하지 않다,9,1.7999999999999998%
1,q30,2) 중요하지 않다,29,5.800000000000001%
2,q30,3) 보통이다,168,33.6%
3,q30,4) 중요하다,240,48.0%
4,q30,5) 매우 중요하다,54,10.8%
0,q31,1) 전혀 중요하지 않다,14,2.8000000000000003%
1,q31,2) 중요하지 않다,36,7.199999999999999%
2,q31,3) 보통이다,156,31.2%
3,q31,4) 중요하다,226,45.2%
4,q31,5) 매우 중요하다,68,13.600000000000001%
0,q32,1) 전혀 중요하지 않다,4,0.8%
1,q32,2) 중요하지 않다,16,3.2%
2,q32,3) 보통이다,95,19.0%
3,q32,4) 중요하다,234,46.800000000000004%
4,q32,5) 매우 중요하다,151,30.2%
0,q33,1) 전혀 중요하지 않다,4,0.8%
1,q33,2) 중요하지 않다,10,2.0%
2,q33,3) 보통이다,57,11.4%
3,q33,4) 중요하다,180,36.0%
4,q33,5) 매우 중요하다,249,49.8%
0,q34,1) 전혀 중요하지 않다,2,0.4%
1,q34,2) 중요하지 않다,9,1.7999999999999998%
2,q34,3) 보통이다,80,16.0%
3,q34,4) 중요하다,185,37.0%
4,q34,5) 매우 중요하다,224,44.800000000000004%
0,q35,1) 전혀 중요하지 않다,4,0.8%
1,q35,2) 중요하지 않다,16,3.2%
2,q35,3) 보통이다,116,23.200000000000003%
3,q35,4) 중요하다,236,47.199999999999996%
4,q35,5) 매우 중요하다,128,25.6%
0,q36,1) 전혀 중요하지 않다,2,0.4%
1,q36,2) 중요하지 않다,12,2.4%
2,q36,3) 보통이다,107,21.4%
3,q36,4) 중요하다,226,45.2%
4,q36,5) 매우 중요하다,153,30.599999999999998%
0,q37,1) 전혀 중요하지 않다,6,1.2%
1,q37,2) 중요하지 않다,15,3.0%
2,q37,3) 보통이다,139,27.800000000000004%
3,q37,4) 중요하다,280,56.00000000000001%
4,q37,5) 매우 중요하다,60,12.0%
0,q38,1) 전혀 중요하지 않다,4,0.8%
1,q38,2) 중요하지 않다,18,3.5999999999999996%
2,q38,3) 보통이다,133,26.6%
3,q38,4) 중요하다,264,52.800000000000004%
4,q38,5) 매우 중요하다,81,16.2%
0,q39,1) 전혀 중요하지 않다,4,0.8%
1,q39,2) 중요하지 않다,17,3.4000000000000004%
2,q39,3) 보통이다,115,23.0%
3,q39,4) 중요하다,232,46.400000000000006%
4,q39,5) 매우 중요하다,132,26.400000000000002%
0,q40,1) 전혀 중요하지 않다,3,0.6%
1,q40,2) 중요하지 않다,11,2.1999999999999997%
2,q40,3) 보통이다,96,19.2%
3,q40,4) 중요하다,250,50.0%
4,q40,5) 매우 중요하다,140,28.000000000000004%
0,q41,1) 전혀 중요하지 않다,8,1.6%
1,q41,2) 중요하지 않다,27,5.4%
2,q41,3) 보통이다,172,34.4%
3,q41,4) 중요하다,217,43.4%
4,q41,5) 매우 중요하다,76,15.2%
0,q42,1) 전혀 중요하지 않다,5,1.0%
1,q42,2) 중요하지 않다,18,3.5999999999999996%
2,q42,3) 보통이다,131,26.200000000000003%
3,q42,4) 중요하다,231,46.2%
4,q42,5) 매우 중요하다,115,23.0%
0,q43,1) 전혀 중요하지 않다,2,0.4%
1,q43,2) 중요하지 않다,11,2.1999999999999997%
2,q43,3) 보통이다,97,19.400000000000002%
3,q43,4) 중요하다,184,36.8%
4,q43,5) 매우 중요하다,206,41.199999999999996%
0,q44_1,1) 시간과 장소에 대한 제약 없이 언제 어디서나 접속할 수 있는 편의성,240,48.0%
1,q44_1,2) 전시물 및 다른 사용자들과 소통을 통해 경험을 극대화하는 상호작용,58,11.600000000000001%
2,q44_1,3) 과거 역사 체험이나 우주 체험 등 현실 박물관에서는 불가능한 체험 활동,126,25.2%
3,q44_1,4) 서로 다른 박물관에 소장된 전시물을 한 번에 통합적으로 관람할 수 있는 기능,32,6.4%
4,q44_1,5) 현실 박물관과의 연계를 통한 교육적인 시너지 효과,36,7.199999999999999%
5,q44_1,6) 게이미피케이션을 접목하여 사용자의 몰입도 및 교육 효과성 증가※게이미피케이션 : 동기 부여를 위해 순위 경쟁 등 게임,8,1.6%
0,q44_2,1) 시간과 장소에 대한 제약 없이 언제 어디서나 접속할 수 있는 편의성,84,16.8%
1,q44_2,2) 전시물 및 다른 사용자들과 소통을 통해 경험을 극대화하는 상호작용,59,11.799999999999999%
2,q44_2,3) 과거 역사 체험이나 우주 체험 등 현실 박물관에서는 불가능한 체험 활동,170,34.0%
3,q44_2,4) 서로 다른 박물관에 소장된 전시물을 한 번에 통합적으로 관람할 수 있는 기능,102,20.4%
4,q44_2,5) 현실 박물관과의 연계를 통한 교육적인 시너지 효과,64,12.8%
5,q44_2,6) 게이미피케이션을 접목하여 사용자의 몰입도 및 교육 효과성 증가※게이미피케이션 : 동기 부여를 위해 순위 경쟁 등 게임,21,4.2%
0,q44_3,1) 시간과 장소에 대한 제약 없이 언제 어디서나 접속할 수 있는 편의성,56,11.200000000000001%
1,q44_3,2) 전시물 및 다른 사용자들과 소통을 통해 경험을 극대화하는 상호작용,56,11.200000000000001%
2,q44_3,3) 과거 역사 체험이나 우주 체험 등 현실 박물관에서는 불가능한 체험 활동,89,17.8%
3,q44_3,4) 서로 다른 박물관에 소장된 전시물을 한 번에 통합적으로 관람할 수 있는 기능,126,25.2%
4,q44_3,5) 현실 박물관과의 연계를 통한 교육적인 시너지 효과,121,24.2%
5,q44_3,6) 게이미피케이션을 접목하여 사용자의 몰입도 및 교육 효과성 증가※게이미피케이션 : 동기 부여를 위해 순위 경쟁 등 게임,52,10.4%
0,q45_1,1) 제작사의 초기 플랫폼 제작에 필요한 높은 투자 비용,128,25.6%
1,q45_1,2) 사용하기 위해 고가의 VR 헤드셋 등의 별도의 단말기의 보유 필요,155,31.0%
2,q45_1,3) 박물관 구축 및 운영의 전문적인 기술 지식과 메타버스 기술 접목의 어려움,77,15.4%
3,q45_1,4) 몰입감 넘치는 전용 콘텐츠 제작의 어려움 및 지속적인 관리,77,15.4%
4,q45_1,5) 현실의 박물관이 보유하고 있는 저작권 문제 해결,42,8.4%
5,q45_1,6) 사용자 유치 및 수익 창출을 통해 경제적 지속 가능성 확보,21,4.2%
0,q45_2,1) 제작사의 초기 플랫폼 제작에 필요한 높은 투자 비용,71,14.2%
1,q45_2,2) 사용하기 위해 고가의 VR 헤드셋 등의 별도의 단말기의 보유 필요,94,18.8%
2,q45_2,3) 박물관 구축 및 운영의 전문적인 기술 지식과 메타버스 기술 접목의 어려움,108,21.6%
3,q45_2,4) 몰입감 넘치는 전용 콘텐츠 제작의 어려움 및 지속적인 관리,110,22.0%
4,q45_2,5) 현실의 박물관이 보유하고 있는 저작권 문제 해결,63,12.6%
5,q45_2,6) 사용자 유치 및 수익 창출을 통해 경제적 지속 가능성 확보,54,10.8%
0,q45_3,1) 제작사의 초기 플랫폼 제작에 필요한 높은 투자 비용,74,14.799999999999999%
1,q45_3,2) 사용하기 위해 고가의 VR 헤드셋 등의 별도의 단말기의 보유 필요,63,12.6%
2,q45_3,3) 박물관 구축 및 운영의 전문적인 기술 지식과 메타버스 기술 접목의 어려움,78,15.6%
3,q45_3,4) 몰입감 넘치는 전용 콘텐츠 제작의 어려움 및 지속적인 관리,121,24.2%
4,q45_3,5) 현실의 박물관이 보유하고 있는 저작권 문제 해결,87,17.4%
5,q45_3,6) 사용자 유치 및 수익 창출을 통해 경제적 지속 가능성 확보,77,15.4%
0,q46,1) 전혀 그렇지 않다,17,3.4000000000000004%
1,q46,2) 그렇지 않다,114,22.8%
2,q46,3) 보통이다,230,46.0%
3,q46,4) 그렇다,120,24.0%
4,q46,5) 매우 그렇다,19,3.8%
0,q47,1) 전혀 그렇지 않다,5,1.0%
1,q47,2) 그렇지 않다,69,13.8%
2,q47,3) 보통이다,238,47.599999999999994%
3,q47,4) 그렇다,156,31.2%
4,q47,5) 매우 그렇다,32,6.4%
0,q48,1) 전혀 그렇지 않다,26,5.2%
1,q48,2) 그렇지 않다,173,34.599999999999994%
2,q48,3) 보통이다,190,38.0%
3,q48,4) 그렇다,91,18.2%
4,q48,5) 매우 그렇다,20,4.0%
0,q49,1) 전혀 그렇지 않다,10,2.0%
1,q49,2) 그렇지 않다,80,16.0%
2,q49,3) 보통이다,190,38.0%
3,q49,4) 그렇다,171,34.2%
4,q49,5) 매우 그렇다,49,9.8%
0,q50,1) 전혀 그렇지 않다,20,4.0%
1,q50,2) 그렇지 않다,119,23.799999999999997%
2,q50,3) 보통이다,206,41.199999999999996%
3,q50,4) 그렇다,126,25.2%
4,q50,5) 매우 그렇다,29,5.800000000000001%
0,q51,1) 전혀 그렇지 않다,12,2.4%
1,q51,2) 그렇지 않다,67,13.4%
2,q51,3) 보통이다,203,40.6%
3,q51,4) 그렇다,183,36.6%
4,q51,5) 매우 그렇다,35,7.000000000000001%
0,q52,1) 전혀 그렇지 않다,19,3.8%
1,q52,2) 그렇지 않다,107,21.4%
2,q52,3) 보통이다,226,45.2%
3,q52,4) 그렇다,121,24.2%
4,q52,5) 매우 그렇다,27,5.4%
0,q53,1) 전혀 그렇지 않다,6,1.2%
1,q53,2) 그렇지 않다,91,18.2%
2,q53,3) 보통이다,193,38.6%
3,q53,4) 그렇다,181,36.199999999999996%
4,q53,5) 매우 그렇다,29,5.800000000000001%
0,q54,1) 전혀 그렇지 않다,9,1.7999999999999998%
1,q54,2) 그렇지 않다,41,8.200000000000001%
2,q54,3) 보통이다,133,26.6%
3,q54,4) 그렇다,226,45.2%
4,q54,5) 매우 그렇다,91,18.2%
0,q55,1) 전혀 그렇지 않다,31,6.2%
1,q55,2) 그렇지 않다,123,24.6%
2,q55,3) 보통이다,203,40.6%
3,q55,4) 그렇다,114,22.8%
4,q55,5) 매우 그렇다,29,5.800000000000001%
0,q56,1) 전혀 그렇지 않다,15,3.0%
1,q56,2) 그렇지 않다,67,13.4%
2,q56,3) 보통이다,155,31.0%
3,q56,4) 그렇다,212,42.4%
4,q56,5) 매우 그렇다,51,10.2%
0,q57,1) 전혀 그렇지 않다,9,1.7999999999999998%
1,q57,2) 그렇지 않다,38,7.6%
2,q57,3) 보통이다,149,29.799999999999997%
3,q57,4) 그렇다,227,45.4%
4,q57,5) 매우 그렇다,77,15.4%
0,q58,1) 전혀 그렇지 않다,3,0.6%
1,q58,2) 그렇지 않다,58,11.600000000000001%
2,q58,3) 보통이다,173,34.599999999999994%
3,q58,4) 그렇다,238,47.599999999999994%
4,q58,5) 매우 그렇다,28,5.6000000000000005%
0,q59,1) 전혀 그렇지 않다,8,1.6%
1,q59,2) 그렇지 않다,117,23.400000000000002%
2,q59,3) 보통이다,174,34.8%
3,q59,4) 그렇다,171,34.2%
4,q59,5) 매우 그렇다,30,6.0%
0,q60,1) 전혀 그렇지 않다,10,2.0%
1,q60,2) 그렇지 않다,105,21.0%
2,q60,3) 보통이다,175,35.0%
3,q60,4) 그렇다,183,36.6%
4,q60,5) 매우 그렇다,27,5.4%
0,q61,1) 전혀 그렇지 않다,11,2.1999999999999997%
1,q61,2) 그렇지 않다,78,15.6%
2,q61,3) 보통이다,184,36.8%
3,q61,4) 그렇다,178,35.6%
4,q61,5) 매우 그렇다,49,9.8%
0,q62,1) 전혀 그렇지 않다,10,2.0%
1,q62,2) 그렇지 않다,78,15.6%
2,q62,3) 보통이다,160,32.0%
3,q62,4) 그렇다,185,37.0%
4,q62,5) 매우 그렇다,67,13.4%
0,q63,1) 전혀 그렇지 않다,5,1.0%
1,q63,2) 그렇지 않다,70,14.000000000000002%
2,q63,3) 보통이다,137,27.400000000000002%
3,q63,4) 그렇다,209,41.8%
4,q63,5) 매우 그렇다,79,15.8%
0,q64,1) 전혀 그렇지 않다,7,1.4000000000000001%
1,q64,2) 그렇지 않다,64,12.8%
2,q64,3) 보통이다,152,30.4%
3,q64,4) 그렇다,218,43.6%
4,q64,5) 매우 그렇다,59,11.799999999999999%
0,q65,1) 전혀 그렇지 않다,12,2.4%
1,q65,2) 그렇지 않다,75,15.0%
2,q65,3) 보통이다,157,31.4%
3,q65,4) 그렇다,202,40.400000000000006%
4,q65,5) 매우 그렇다,54,10.8%
0,q66,1) 전혀 그렇지 않다,8,1.6%
1,q66,2) 그렇지 않다,37,7.3999999999999995%
2,q66,3) 보통이다,168,33.6%
3,q66,4) 그렇다,247,49.4%
4,q66,5) 매우 그렇다,40,8.0%
0,q67,1) 전혀 그렇지 않다,20,4.0%
1,q67,2) 그렇지 않다,51,10.2%
2,q67,3) 보통이다,248,49.6%
3,q67,4) 그렇다,154,30.8%
4,q67,5) 매우 그렇다,27,5.4%
0,q68,1) 전혀 그렇지 않다,11,2.1999999999999997%
1,q68,2) 그렇지 않다,39,7.8%
2,q68,3) 보통이다,190,38.0%
3,q68,4) 그렇다,212,42.4%
4,q68,5) 매우 그렇다,48,9.6%
0,q69,1) 전혀 그렇지 않다,11,2.1999999999999997%
1,q69,2) 그렇지 않다,42,8.4%
2,q69,3) 보통이다,166,33.2%
3,q69,4) 그렇다,219,43.8%
4,q69,5) 매우 그렇다,62,12.4%
0,q70,1) 전혀 그렇지 않다,2,0.4%
1,q70,2) 그렇지 않다,56,11.200000000000001%
2,q70,3) 보통이다,136,27.200000000000003%
3,q70,4) 그렇다,264,52.800000000000004%
4,q70,5) 매우 그렇다,42,8.4%
0,q71,1) 전혀 그렇지 않다,3,0.6%
1,q71,2) 그렇지 않다,53,10.6%
2,q71,3) 보통이다,143,28.599999999999998%
3,q71,4) 그렇다,240,48.0%
4,q71,5) 매우 그렇다,61,12.2%
0,q72,1) 전혀 그렇지 않다,7,1.4000000000000001%
1,q72,2) 그렇지 않다,56,11.200000000000001%
2,q72,3) 보통이다,124,24.8%
3,q72,4) 그렇다,248,49.6%
4,q72,5) 매우 그렇다,65,13.0%
0,q73,1) 전혀 그렇지 않다,5,1.0%
1,q73,2) 그렇지 않다,40,8.0%
2,q73,3) 보통이다,125,25.0%
3,q73,4) 그렇다,261,52.2%
4,q73,5) 매우 그렇다,69,13.8%
0,q74,1) 전혀 그렇지 않다,71,14.2%
1,q74,2) 그렇지 않다,194,38.800000000000004%
2,q74,3) 보통이다,153,30.599999999999998%
3,q74,4) 그렇다,66,13.200000000000001%
4,q74,5) 매우 그렇다,16,3.2%
0,q75,1) 전혀 그렇지 않다,31,6.2%
1,q75,2) 그렇지 않다,109,21.8%
2,q75,3) 보통이다,218,43.6%
3,q75,4) 그렇다,104,20.8%
4,q75,5) 매우 그렇다,38,7.6%
0,q76,1) 전혀 그렇지 않다,62,12.4%
1,q76,2) 그렇지 않다,211,42.199999999999996%
2,q76,3) 보통이다,148,29.599999999999998%
3,q76,4) 그렇다,66,13.200000000000001%
4,q76,5) 매우 그렇다,13,2.6%
0,q77,1) 전혀 그렇지 않다,56,11.200000000000001%
1,q77,2) 그렇지 않다,200,40.0%
2,q77,3) 보통이다,179,35.8%
3,q77,4) 그렇다,49,9.8%
4,q77,5) 매우 그렇다,16,3.2%
0,q78,1) 전혀 그렇지 않다,56,11.200000000000001%
1,q78,2) 그렇지 않다,179,35.8%
2,q78,3) 보통이다,189,37.8%
3,q78,4) 그렇다,64,12.8%
4,q78,5) 매우 그렇다,12,2.4%
0,q79,1) 전혀 그렇지 않다,39,7.8%
1,q79,2) 그렇지 않다,147,29.4%
2,q79,3) 보통이다,212,42.4%
3,q79,4) 그렇다,90,18.0%
4,q79,5) 매우 그렇다,12,2.4%
0,q80,1) 전혀 그렇지 않다,79,15.8%
1,q80,2) 그렇지 않다,214,42.8%
2,q80,3) 보통이다,153,30.599999999999998%
3,q80,4) 그렇다,45,9.0%
4,q80,5) 매우 그렇다,9,1.7999999999999998%
0,q81,1) 전혀 그렇지 않다,75,15.0%
1,q81,2) 그렇지 않다,201,40.2%
2,q81,3) 보통이다,162,32.4%
3,q81,4) 그렇다,54,10.8%
4,q81,5) 매우 그렇다,8,1.6%
0,q82,1) 지불의향 있음,126,25.2%
1,q82,2) 지불의향 없음,374,74.8%
0,q83,1) 지불의향 있음,45,35.714285714285715%
1,q83,2) 지불의향 없음,81,64.28571428571429%
0,q84,1) 지불의향 있음,71,18.983957219251337%
1,q84,2) 지불의향 없음,303,81.01604278074866%
0,q85,1) 지불의향 있음,73,24.09240924092409%
1,q85,2) 지불의향 전혀 없음,230,75.9075907590759%
0,q86_1,1) 박물관을 직접 방문하여 실제로 체감하는 것이 더 효율적이다.,130,100.0%
0,q86_2,2) 실제 학습에 거의 도움이 되지 않을 것으로 생각된다.,50,100.0%
0,q86_3,3) 현재 인터넷 검색 등으로 필요한 정보를 충분히 찾을 수 있다.,90,100.0%
0,q86_4,4) 실재감 있는 서비스 제공이 현재의 기술로는 부족하다고 생각한다.,74,100.0%
0,q86_5,5) 추가적인 세금 납부가 부담된다.,112,100.0%
0,q86_6,6) 기타(구체적으로 응답해 주십시오),6,100.0%
0,q86_6_A,세금으로 만들거면서 세금 걷는다는게 뭔 소리요,1,16.666666666666664%
1,q86_6_A,신뢰할 수 있는 정부로 바뀌면 고려할 것이다.,1,16.666666666666664%
2,q86_6_A,아이들과 함께 시간보내기가 어렵다,1,16.666666666666664%
3,q86_6_A,요금이 비싸다,1,16.666666666666664%
4,q86_6_A,원할때만 이용하고 싶다,1,16.666666666666664%
5,q86_6_A,흡연등  과태료를 대폭 올려 충당,1,16.666666666666664%
0,q87,1) 유형A,43,8.6%
1,q87,2) 유형B,220,44.0%
2,q87,3) 유형C,116,23.200000000000003%
3,q87,4) 유형D,121,24.2%
0,q88,1) 유형A,92,18.4%
1,q88,2) 유형B,280,56.00000000000001%
2,q88,3) 유형C,59,11.799999999999999%
3,q88,4) 유형D,69,13.8%
0,q89,1) 유형A,60,12.0%
1,q89,2) 유형B,160,32.0%
2,q89,3) 유형C,175,35.0%
3,q89,4) 유형D,105,21.0%
0,q90,1) 유형A,105,21.0%
1,q90,2) 유형B,248,49.6%
2,q90,3) 유형C,68,13.600000000000001%
3,q90,4) 유형D,79,15.8%
0,q91,1) 유형A,32,6.4%
1,q91,2) 유형B,91,18.2%
2,q91,3) 유형C,239,47.8%
3,q91,4) 유형D,138,27.6%
0,q92,1) 유형A,183,36.6%
1,q92,2) 유형B,173,34.599999999999994%
2,q92,3) 유형C,54,10.8%
3,q92,4) 유형D,90,18.0%
0,q93,1) 유형A,59,11.799999999999999%
1,q93,2) 유형B,233,46.6%
2,q93,3) 유형C,60,12.0%
3,q93,4) 유형D,148,29.599999999999998%
0,q94,1) 유형A,168,33.6%
1,q94,2) 유형B,155,31.0%
2,q94,3) 유형C,90,18.0%
3,q94,4) 유형D,87,17.4%
0,q95,1) 유형A,251,50.2%
1,q95,2) 유형B,78,15.6%
2,q95,3) 유형C,137,27.400000000000002%
3,q95,4) 유형D,34,6.800000000000001%
0,q96,1) 유형A,70,14.000000000000002%
1,q96,2) 유형B,175,35.0%
2,q96,3) 유형C,106,21.2%
3,q96,4) 유형D,149,29.799999999999997%
0,q97_1,1,61,12.2%
1,q97_1,2,36,7.199999999999999%
2,q97_1,3,166,33.2%
3,q97_1,4,211,42.199999999999996%
4,q97_1,5,22,4.3999999999999995%
5,q97_1,6,4,0.8%
0,q98_1,0.0,276,63.013698630136986%
1,q98_1,1.0,119,27.168949771689498%
2,q98_1,2.0,42,9.58904109589041%
3,q98_1,3.0,1,0.228310502283105%
0,q98_2,0.0,237,53.98633257403189%
1,q98_2,1.0,160,36.44646924829157%
2,q98_2,2.0,39,8.88382687927107%
3,q98_2,3.0,3,0.683371298405467%
0,q98_3,0.0,347,79.04328018223235%
1,q98_3,1.0,75,17.084282460136674%
2,q98_3,2.0,17,3.8724373576309796%
0,q98_4,0.0,1,0.228310502283105%
1,q98_4,1.0,8,1.82648401826484%
2,q98_4,2.0,348,79.45205479452055%
3,q98_4,3.0,47,10.730593607305936%
4,q98_4,4.0,29,6.621004566210045%
5,q98_4,5.0,5,1.141552511415525%
0,q98_t1,2.0,36,8.200455580865604%
1,q98_t1,3.0,166,37.81321184510251%
2,q98_t1,4.0,211,48.063781321184514%
3,q98_t1,5.0,22,5.0113895216400905%
4,q98_t1,6.0,4,0.9111617312072893%
0,q99_1,0,5,1.0%
1,q99_1,1,3,0.6%
2,q99_1,3,1,0.2%
3,q99_1,4,4,0.8%
4,q99_1,10,1,0.2%
5,q99_1,12,31,6.2%
6,q99_1,13,3,0.6%
7,q99_1,14,103,20.599999999999998%
8,q99_1,15,3,0.6%
9,q99_1,16,280,56.00000000000001%
10,q99_1,17,3,0.6%
11,q99_1,18,50,10.0%
12,q99_1,19,2,0.4%
13,q99_1,20,5,1.0%
14,q99_1,21,1,0.2%
15,q99_1,22,5,1.0%
0,q100,1) 자영업,26,5.2%
1,q100,2) 판매/서비스직,35,7.000000000000001%
2,q100,3) 사무/기술직,226,45.2%
3,q100,4) 전문직,44,8.799999999999999%
4,q100,5) 경영/관리직,26,5.2%
5,q100,6) 전업주부,115,23.0%
6,q100,7) 학생,3,0.6%
7,q100,8) 무직,10,2.0%
8,q100,9) 기타,15,3.0%
0,q100_9,공무,1,6.666666666666667%
1,q100_9,교사,1,6.666666666666667%
2,q100_9,사서,1,6.666666666666667%
3,q100_9,생산,1,6.666666666666667%
4,q100_9,생산직,2,13.333333333333334%
5,q100_9,아르바이트,1,6.666666666666667%
6,q100_9,영업,1,6.666666666666667%
7,q100_9,작품강사,1,6.666666666666667%
8,q100_9,파트타임,1,6.666666666666667%
9,q100_9,프리랜서,5,33.33333333333333%
0,q101,1) 99만원 이하,3,0.6%
1,q101,"10) 1,000만원 이상",40,8.0%
2,q101,2) 100만원-149만원 이하,2,0.4%
3,q101,3) 150만원-199만원 이하,9,1.7999999999999998%
4,q101,4) 200만원-249만원 이하,32,6.4%
5,q101,5) 250만원-299만원 이하,39,7.8%
6,q101,6) 300만원-399만원 이하,67,13.4%
7,q101,7) 400만원-499만원 이하,79,15.8%
8,q101,8) 500만원-699만원 이하,139,27.800000000000004%
9,q101,9) 700만원-999만원 이하,90,18.0%
0,q102,1) 소득 없음,46,9.2%
1,q102,10) 700만원-999만원 이하,51,10.2%
2,q102,"11) 1,000만원 이상",23,4.6%
3,q102,2) 99만원 이하,29,5.800000000000001%
4,q102,3) 100만원-149만원 이하,18,3.5999999999999996%
5,q102,4) 150만원-199만원 이하,22,4.3999999999999995%
6,q102,5) 200만원-249만원 이하,44,8.799999999999999%
7,q102,6) 250만원-299만원 이하,55,11.0%
8,q102,7) 300만원-399만원 이하,67,13.4%
9,q102,8) 400만원-499만원 이하,73,14.6%
10,q102,9) 500만원-699만원 이하,72,14.399999999999999%
